,#,Glycan,Antenna 1,Antenna 2,Antenna 3,Antenna 4,Formula,Monoisotopic mass,Man,Fuc,Bisecting Gn,Host Cell Line,NSa,NGn,NGal,NHex
0,1,M3,None,None,None,None,C34H56N2O25,892.317,3,0,0,CHO-N-glycan,0,0,0,0
1,2,M4,None,None,None,None,C40H66N2O30,1054.37,4,0,0,CHO-N-glycan,0,0,0,1
2,3,M5,None,None,None,None,C46H76N2O35,1216.42,5,0,0,CHO-N-glycan,0,0,0,2
3,4,M6,None,None,None,None,C52H86N2O40,1378.48,6,0,0,CHO-N-glycan,0,0,0,3
4,5,M7,None,None,None,None,C58H96N2O45,1540.53,7,0,0,CHO-N-glycan,0,0,0,4
5,6,M8,None,None,None,None,C64H106N2O50,1702.58,8,0,0,CHO-N-glycan,0,0,0,5
6,7,M9,None,None,None,None,C70H116N2O55,1864.63,9,0,0,CHO-N-glycan,0,0,0,6
7,8,A1G0,Gn-,None,None,None,C42H69N3O30,1095.4,3,0,0,CHO-N-glycan,0,1,0,0
8,9,A1G0F,Gn-,None,None,None,C48H79N3O34,1241.45,3,1,0,CHO-N-glycan,0,1,0,0
9,10,A1G0M4,Gn-,None,None,None,C48H79N3O35,1257.45,4,0,0,CHO-N-glycan,0,1,0,1
10,11,A1G0M4F,Gn-,None,None,None,C54H89N3O39,1403.51,4,1,0,CHO-N-glycan,0,1,0,1
11,12,A1G0M5,Gn-,None,None,None,C54H89N3O40,1419.5,5,0,0,CHO-N-glycan,0,1,0,2
12,13,A1G0M5F,Gn-,None,None,None,C60H99N3O44,1565.56,5,1,0,CHO-N-glycan,0,1,0,2
13,14,A2G0,Gn-,None,Gn-,None,C50H82N4O35,1298.48,3,0,0,CHO-N-glycan,0,2,0,0
14,15,A2G0F,Gn-,None,Gn-,None,C56H92N4O39,1444.53,3,1,0,CHO-N-glycan,0,2,0,0
15,16,A2G0M4,Gn-,Gn-,None,None,C56H92N4O40,1460.53,4,0,0,CHO-N-glycan,0,2,0,1
16,17,A2G0M5,Gn-,Gn-,None,None,C62H102N4O45,1622.58,5,0,0,CHO-N-glycan,0,2,0,2
17,18,A2G0M5F,Gn-,Gn-,None,None,C68H112N4O49,1768.64,5,1,0,CHO-N-glycan,0,2,0,2
18,19,A3G0,Gn-,Gn-,Gn-,None,C58H95N5O40,1501.56,3,0,0,CHO-N-glycan,0,3,0,0
19,20,A3G0F,Gn-,Gn-,Gn-,None,C64H105N5O44,1647.61,3,1,0,CHO-N-glycan,0,3,0,0
20,21,A4G0,Gn-,Gn-,Gn-,Gn-,C66H108N6O45,1704.63,3,0,0,CHO-N-glycan,0,4,0,0
21,22,A4G0F,Gn-,Gn-,Gn-,Gn-,C72H118N6O49,1850.69,3,1,0,CHO-N-glycan,0,4,0,0
22,23,A1G1,G-Gn-,None,None,None,C48H79N3O35,1257.45,3,0,0,CHO-N-glycan,0,1,1,1
23,24,A1G1F,G-Gn-,None,None,None,C54H89N3O39,1403.51,3,1,0,CHO-N-glycan,0,1,1,1
24,25,A1G1M4,G-Gn-,None,None,None,C54H89N3O40,1419.5,4,0,0,CHO-N-glycan,0,1,1,2
25,26,A1G1M4F,G-Gn-,None,None,None,C60H99N3O44,1565.56,4,1,0,CHO-N-glycan,0,1,1,2
26,27,A1G1M5,G-Gn-,None,None,None,C60H99N3O45,1581.56,5,0,0,CHO-N-glycan,0,1,1,3
27,28,A1G1M5F,G-Gn-,None,None,None,C66H109N3O49,1727.61,5,1,0,CHO-N-glycan,0,1,1,3
28,29,A2G1,G-Gn-,None,Gn-,None,C56H92N4O40,1460.53,3,0,0,CHO-N-glycan,0,2,1,1
29,30,A2G1F,G-Gn-,None,Gn-,None,C62H102N4O44,1606.59,3,1,0,CHO-N-glycan,0,2,1,1
30,31,A2G2,G-Gn-,None,G-Gn-,None,C62H102N4O45,1622.58,3,0,0,CHO-N-glycan,0,2,2,2
31,32,A2G2F,G-Gn-,None,G-Gn-,None,C68H112N4O49,1768.64,3,1,0,CHO-N-glycan,0,2,2,2
32,33,A2G1M4,G-Gn-,Gn-,None,None,C62H102N4O45,1622.58,4,0,0,CHO-N-glycan,0,2,1,2
33,34,A2G1M4F,G-Gn-,Gn-,None,None,C68H112N4O49,1768.64,4,1,0,CHO-N-glycan,0,2,1,2
34,35,A2G1M5,G-Gn-,Gn-,None,None,C68H112N4O50,1784.63,5,0,0,CHO-N-glycan,0,2,1,3
35,36,A2G1M5F,G-Gn-,Gn-,None,None,C74H122N4O54,1930.69,5,1,0,CHO-N-glycan,0,2,1,3
36,37,A3G1,G-Gn-,Gn-,Gn-,None,C64H105N5O45,1663.61,3,0,0,CHO-N-glycan,0,3,1,1
37,38,A3G1F,G-Gn-,Gn-,Gn-,None,C70H115N5O49,1809.67,3,1,0,CHO-N-glycan,0,3,1,1
38,39,A4G1,G-Gn-,Gn-,Gn-,Gn-,C72H118N6O50,1866.69,3,0,0,CHO-N-glycan,0,4,1,1
39,40,A4G1F,G-Gn-,Gn-,Gn-,Gn-,C78H128N6O54,2012.75,3,1,0,CHO-N-glycan,0,4,1,1
40,41,A2G2M4,G-Gn-,G-Gn-,None,None,C68H112N4O50,1784.63,4,0,0,CHO-N-glycan,0,2,2,3
41,42,A2G2M4F,G-Gn-,G-Gn-,None,None,C74H122N4O54,1930.69,4,1,0,CHO-N-glycan,0,2,2,3
42,43,A2G2M5,G-Gn-,G-Gn-,None,None,C74H122N4O55,1946.69,5,0,0,CHO-N-glycan,0,2,2,4
43,44,A2G2M5F,G-Gn-,G-Gn-,None,None,C80H132N4O59,2092.75,5,1,0,CHO-N-glycan,0,2,2,4
44,45,A3G2,G-Gn-,G-Gn-,Gn-,None,C70H115N5O50,1825.66,3,0,0,CHO-N-glycan,0,3,2,2
45,46,A3G2F,G-Gn-,G-Gn-,Gn-,None,C76H125N5O54,1971.72,3,1,0,CHO-N-glycan,0,3,2,2
46,47,A4G2,G-Gn-,G-Gn-,Gn-,Gn-,C78H128N6O55,2028.74,3,0,0,CHO-N-glycan,0,4,2,2
47,48,A4G2F,G-Gn-,G-Gn-,Gn-,Gn-,C84H138N6O59,2174.8,3,1,0,CHO-N-glycan,0,4,2,2
48,49,A3G3,G-Gn-,G-Gn-,G-Gn-,None,C76H125N5O55,1987.71,3,0,0,CHO-N-glycan,0,3,3,3
49,50,A3G3F,G-Gn-,G-Gn-,G-Gn-,None,C82H135N5O59,2133.77,3,1,0,CHO-N-glycan,0,3,3,3
50,51,A4G3,G-Gn-,G-Gn-,G-Gn-,Gn-,C84H138N6O60,2190.79,3,0,0,CHO-N-glycan,0,4,3,3
51,52,A4G3F,G-Gn-,G-Gn-,G-Gn-,Gn-,C90H148N6O64,2336.85,3,1,0,CHO-N-glycan,0,4,3,3
52,53,A4G4,G-Gn-,G-Gn-,G-Gn-,G-Gn-,C90H148N6O65,2352.85,3,0,0,CHO-N-glycan,0,4,4,4
53,54,A4G4F,G-Gn-,G-Gn-,G-Gn-,G-Gn-,C96H158N6O69,2498.9,3,1,0,CHO-N-glycan,0,4,4,4
54,55,A1S1,S-G-Gn-,None,None,None,C59H96N4O43,1548.54,3,0,0,CHO-N-glycan,1,1,1,1
55,56,A1S1F,S-G-Gn-,None,None,None,C65H106N4O47,1694.6,3,1,0,CHO-N-glycan,1,1,1,1
56,57,A1S1M4,S-G-Gn-,None,None,None,C65H106N4O48,1710.6,4,0,0,CHO-N-glycan,1,1,1,2
57,58,A1S1M4F,S-G-Gn-,None,None,None,C71H116N4O52,1856.66,4,1,0,CHO-N-glycan,1,1,1,2
58,59,A1S1M5,S-G-Gn-,None,None,None,C71H116N4O53,1872.65,5,0,0,CHO-N-glycan,1,1,1,3
59,60,A1S1M5F,S-G-Gn-,None,None,None,C77H126N4O57,2018.71,5,1,0,CHO-N-glycan,1,1,1,3
60,61,A2S1G0,S-G-Gn-,None,Gn-,None,C67H109N5O48,1751.62,3,0,0,CHO-N-glycan,1,2,1,1
61,62,A2S1G0F,S-G-Gn-,None,Gn-,None,C73H119N5O52,1897.68,3,1,0,CHO-N-glycan,1,2,1,1
62,63,A2S1G1,S-G-Gn-,None,G-Gn-,None,C73H119N5O53,1913.68,3,0,0,CHO-N-glycan,1,2,2,2
63,64,A2S1G1F,S-G-Gn-,None,G-Gn-,None,C79H129N5O57,2059.73,3,1,0,CHO-N-glycan,1,2,2,2
64,65,A2S2,S-G-Gn-,None,S-G-Gn-,None,C84H136N6O61,2204.77,3,0,0,CHO-N-glycan,2,2,2,2
65,66,A2S2F,S-G-Gn-,None,S-G-Gn-,None,C90H146N6O65,2350.83,3,1,0,CHO-N-glycan,2,2,2,2
66,67,A2S1G0M4,S-G-Gn-,Gn-,None,None,C73H119N5O53,1913.68,4,0,0,CHO-N-glycan,1,2,1,2
67,68,A2S1G0M4F,S-G-Gn-,Gn-,None,None,C79H129N5O57,2059.73,4,1,0,CHO-N-glycan,1,2,1,2
68,69,A2S1G0M5,S-G-Gn-,Gn-,None,None,C79H129N5O58,2075.73,5,0,0,CHO-N-glycan,1,2,1,3
69,70,A2S1G0M5F,S-G-Gn-,Gn-,None,None,C85H139N5O62,2221.79,5,1,0,CHO-N-glycan,1,2,1,3
70,71,A3S1G0,S-G-Gn-,Gn-,Gn-,None,C75H122N6O53,1954.7,3,0,0,CHO-N-glycan,1,3,1,1
71,72,A3S1G0F,S-G-Gn-,Gn-,Gn-,None,C81H132N6O57,2100.76,3,1,0,CHO-N-glycan,1,3,1,1
72,73,A4S1G0,S-G-Gn-,Gn-,Gn-,Gn-,C83H135N7O58,2157.78,3,0,0,CHO-N-glycan,1,4,1,1
73,74,A4S1G0F,S-G-Gn-,Gn-,Gn-,Gn-,C89H145N7O62,2303.84,3,1,0,CHO-N-glycan,1,4,1,1
74,75,A2S1G1M4,S-G-Gn-,G-Gn-,None,None,C79H129N5O58,2075.73,4,0,0,CHO-N-glycan,1,2,2,3
75,76,A2S1G1M4F,S-G-Gn-,G-Gn-,None,None,C85H139N5O62,2221.79,4,1,0,CHO-N-glycan,1,2,2,3
76,77,A2S1G1M5,S-G-Gn-,G-Gn-,None,None,C85H139N5O63,2237.78,5,0,0,CHO-N-glycan,1,2,2,4
77,78,A2S1G1M5F,S-G-Gn-,G-Gn-,None,None,C91H149N5O67,2383.84,5,1,0,CHO-N-glycan,1,2,2,4
78,79,A3S1G1,S-G-Gn-,G-Gn-,Gn-,None,C81H132N6O58,2116.76,3,0,0,CHO-N-glycan,1,3,2,2
79,80,A3S1G1F,S-G-Gn-,G-Gn-,Gn-,None,C87H142N6O62,2262.81,3,1,0,CHO-N-glycan,1,3,2,2
80,81,A4S1G1,S-G-Gn-,G-Gn-,Gn-,Gn-,C89H145N7O63,2319.84,3,0,0,CHO-N-glycan,1,4,2,2
81,82,A4S1G1F,S-G-Gn-,G-Gn-,Gn-,Gn-,C95H155N7O67,2465.89,3,1,0,CHO-N-glycan,1,4,2,2
82,83,A3S1G2,S-G-Gn-,G-Gn-,G-Gn-,None,C87H142N6O63,2278.81,3,0,0,CHO-N-glycan,1,3,3,3
83,84,A3S1G2F,S-G-Gn-,G-Gn-,G-Gn-,None,C93H152N6O67,2424.87,3,1,0,CHO-N-glycan,1,3,3,3
84,85,A4S1G2,S-G-Gn-,G-Gn-,G-Gn-,Gn-,C95H155N7O68,2481.89,3,0,0,CHO-N-glycan,1,4,3,3
85,86,A4S1G2F,S-G-Gn-,G-Gn-,G-Gn-,Gn-,C101H165N7O72,2627.95,3,1,0,CHO-N-glycan,1,4,3,3
86,87,A4S1G3,S-G-Gn-,G-Gn-,G-Gn-,G-Gn-,C101H165N7O73,2643.94,3,0,0,CHO-N-glycan,1,4,4,4
87,88,A4S1G3F,S-G-Gn-,G-Gn-,G-Gn-,G-Gn-,C107H175N7O77,2790,3,1,0,CHO-N-glycan,1,4,4,4
88,89,A2S2M4,S-G-Gn-,S-G-Gn-,None,None,C90H146N6O66,2366.83,4,0,0,CHO-N-glycan,2,2,2,3
89,90,A2S2M4F,S-G-Gn-,S-G-Gn-,None,None,C96H156N6O70,2512.88,4,1,0,CHO-N-glycan,2,2,2,3
90,91,A2S2M5,S-G-Gn-,S-G-Gn-,None,None,C96H156N6O71,2528.88,5,0,0,CHO-N-glycan,2,2,2,4
91,92,A2S2M5F,S-G-Gn-,S-G-Gn-,None,None,C102H166N6O75,2674.94,5,1,0,CHO-N-glycan,2,2,2,4
92,93,A3S2G0,S-G-Gn-,S-G-Gn-,Gn-,None,C92H149N7O66,2407.85,3,0,0,CHO-N-glycan,2,3,2,2
93,94,A3S2G0F,S-G-Gn-,S-G-Gn-,Gn-,None,C98H159N7O70,2553.91,3,1,0,CHO-N-glycan,2,3,2,2
94,95,A4S2G0,S-G-Gn-,S-G-Gn-,Gn-,Gn-,C100H162N8O71,2610.93,3,0,0,CHO-N-glycan,2,4,2,2
95,96,A4S2G0F,S-G-Gn-,S-G-Gn-,Gn-,Gn-,C106H172N8O75,2756.99,3,1,0,CHO-N-glycan,2,4,2,2
96,97,A3S2G1,S-G-Gn-,S-G-Gn-,G-Gn-,None,C98H159N7O71,2569.9,3,0,0,CHO-N-glycan,2,3,3,3
97,98,A3S2G1F,S-G-Gn-,S-G-Gn-,G-Gn-,None,C104H169N7O75,2715.96,3,1,0,CHO-N-glycan,2,3,3,3
98,99,A4S2G1,S-G-Gn-,S-G-Gn-,G-Gn-,Gn-,C106H172N8O76,2772.98,3,0,0,CHO-N-glycan,2,4,3,3
99,100,A4S2G1F,S-G-Gn-,S-G-Gn-,G-Gn-,Gn-,C112H182N8O80,2919.04,3,1,0,CHO-N-glycan,2,4,3,3
100,101,A4S2G2,S-G-Gn-,S-G-Gn-,G-Gn-,G-Gn-,C112H182N8O81,2935.04,3,0,0,CHO-N-glycan,2,4,4,4
101,102,A4S2G2F,S-G-Gn-,S-G-Gn-,G-Gn-,G-Gn-,C118H192N8O85,3081.09,3,1,0,CHO-N-glycan,2,4,4,4
102,103,A3S3,S-G-Gn-,S-G-Gn-,S-G-Gn-,None,C109H176N8O79,2861,3,0,0,CHO-N-glycan,3,3,3,3
103,104,A3S3F,S-G-Gn-,S-G-Gn-,S-G-Gn-,None,C115H186N8O83,3007.06,3,1,0,CHO-N-glycan,3,3,3,3
104,105,A4S3G0,S-G-Gn-,S-G-Gn-,S-G-Gn-,Gn-,C117H189N9O84,3064.08,3,0,0,CHO-N-glycan,3,4,3,3
105,106,A4S3G0F,S-G-Gn-,S-G-Gn-,S-G-Gn-,Gn-,C123H199N9O88,3210.14,3,1,0,CHO-N-glycan,3,4,3,3
106,107,A4S3G1,S-G-Gn-,S-G-Gn-,S-G-Gn-,G-Gn-,C123H199N9O89,3226.13,3,0,0,CHO-N-glycan,3,4,4,4
107,108,A4S3G1F,S-G-Gn-,S-G-Gn-,S-G-Gn-,G-Gn-,C129H209N9O93,3372.19,3,1,0,CHO-N-glycan,3,4,4,4
108,109,A4S4,S-G-Gn-,S-G-Gn-,S-G-Gn-,S-G-Gn-,C134H216N10O97,3517.23,3,0,0,CHO-N-glycan,4,4,4,4
109,110,A4S4F,S-G-Gn-,S-G-Gn-,S-G-Gn-,S-G-Gn-,C140H226N10O101,3663.29,3,1,0,CHO-N-glycan,4,4,4,4
110,111,A1Sg1,Sg-G-Gn-,None,None,None,C59H96N4O44,1564.54,3,0,0,CHO-N-glycan,0,1,1,1
111,112,A1Sg1F,Sg-G-Gn-,None,None,None,C65H106N4O48,1710.6,3,1,0,CHO-N-glycan,0,1,1,1
112,113,A2Sg1G0,Sg-G-Gn-,None,Gn-,None,C67H109N5O49,1767.62,3,0,0,CHO-N-glycan,0,2,1,1
113,114,A2Sg1G0F,Sg-G-Gn-,None,Gn-,None,C73H119N5O53,1913.68,3,1,0,CHO-N-glycan,0,2,1,1
114,115,A2Sg1G1,Sg-G-Gn-,None,G-Gn-,None,C73H119N5O54,1929.67,3,0,0,CHO-N-glycan,0,2,2,2
115,116,A2Sg1G1F,Sg-G-Gn-,None,G-Gn-,None,C79H129N5O58,2075.73,3,1,0,CHO-N-glycan,0,2,2,2
116,117,A2Sg1S1,Sg-G-Gn-,None,S-G-Gn-,None,C84H136N6O62,2220.77,3,0,0,CHO-N-glycan,1,2,2,2
117,118,A2Sg1S1F,Sg-G-Gn-,None,S-G-Gn-,None,C90H146N6O66,2366.83,3,1,0,CHO-N-glycan,1,2,2,2
118,119,A2Sg2,Sg-G-Gn-,None,Sg-G-Gn-,None,C84H136N6O63,2236.76,3,0,0,CHO-N-glycan,0,2,2,2
119,120,A2Sg2F,Sg-G-Gn-,None,Sg-G-Gn-,None,C90H146N6O67,2382.82,3,1,0,CHO-N-glycan,0,2,2,2
120,121,A3Sg1G0,Sg-G-Gn-,Gn-,Gn-,None,C75H122N6O54,1970.7,3,0,0,CHO-N-glycan,0,3,1,1
121,122,A3Sg1G0F,Sg-G-Gn-,Gn-,Gn-,None,C81H132N6O58,2116.76,3,1,0,CHO-N-glycan,0,3,1,1
122,123,A4Sg1G0,Sg-G-Gn-,Gn-,Gn-,Gn-,C83H135N7O59,2173.78,3,0,0,CHO-N-glycan,0,4,1,1
123,124,A4Sg1G0F,Sg-G-Gn-,Gn-,Gn-,Gn-,C89H145N7O63,2319.84,3,1,0,CHO-N-glycan,0,4,1,1
124,125,A3Sg1G1,Sg-G-Gn-,G-Gn-,Gn-,None,C81H132N6O59,2132.75,3,0,0,CHO-N-glycan,0,3,2,2
125,126,A3Sg1G1F,Sg-G-Gn-,G-Gn-,Gn-,None,C87H142N6O63,2278.81,3,1,0,CHO-N-glycan,0,3,2,2
126,127,A4Sg1G1,Sg-G-Gn-,G-Gn-,Gn-,Gn-,C89H145N7O64,2335.83,3,0,0,CHO-N-glycan,0,4,2,2
127,128,A4Sg1G1F,Sg-G-Gn-,G-Gn-,Gn-,Gn-,C95H155N7O68,2481.89,3,1,0,CHO-N-glycan,0,4,2,2
128,129,A3Sg1G2,Sg-G-Gn-,G-Gn-,G-Gn-,None,C87H142N6O64,2294.8,3,0,0,CHO-N-glycan,0,3,3,3
129,130,A3Sg1G2F,Sg-G-Gn-,G-Gn-,G-Gn-,None,C93H152N6O68,2440.86,3,1,0,CHO-N-glycan,0,3,3,3
130,131,A4Sg1G2,Sg-G-Gn-,G-Gn-,G-Gn-,Gn-,C95H155N7O69,2497.88,3,0,0,CHO-N-glycan,0,4,3,3
131,132,A4Sg1G2F,Sg-G-Gn-,G-Gn-,G-Gn-,Gn-,C101H165N7O73,2643.94,3,1,0,CHO-N-glycan,0,4,3,3
132,133,A4Sg1G3,Sg-G-Gn-,G-Gn-,G-Gn-,G-Gn-,C101H165N7O74,2659.94,3,0,0,CHO-N-glycan,0,4,4,4
133,134,A4Sg1G3F,Sg-G-Gn-,G-Gn-,G-Gn-,G-Gn-,C107H175N7O78,2805.99,3,1,0,CHO-N-glycan,0,4,4,4
134,135,A3Sg1S1G0,Sg-G-Gn-,S-G-Gn-,Gn-,None,C92H149N7O67,2423.85,3,0,0,CHO-N-glycan,1,3,2,2
135,136,A3Sg1S1G0F,Sg-G-Gn-,S-G-Gn-,Gn-,None,C98H159N7O71,2569.9,3,1,0,CHO-N-glycan,1,3,2,2
136,137,A4Sg1S1G0,Sg-G-Gn-,S-G-Gn-,Gn-,Gn-,C100H162N8O72,2626.93,3,0,0,CHO-N-glycan,1,4,2,2
137,138,A4Sg1S1G0F,Sg-G-Gn-,S-G-Gn-,Gn-,Gn-,C106H172N8O76,2772.98,3,1,0,CHO-N-glycan,1,4,2,2
138,139,A3Sg1S1G1,Sg-G-Gn-,S-G-Gn-,G-Gn-,None,C98H159N7O72,2585.9,3,0,0,CHO-N-glycan,1,3,3,3
139,140,A3Sg1S1G1F,Sg-G-Gn-,S-G-Gn-,G-Gn-,None,C104H169N7O76,2731.96,3,1,0,CHO-N-glycan,1,3,3,3
140,141,A4Sg1S1G1,Sg-G-Gn-,S-G-Gn-,G-Gn-,Gn-,C106H172N8O77,2788.98,3,0,0,CHO-N-glycan,1,4,3,3
141,142,A4Sg1S1G1F,Sg-G-Gn-,S-G-Gn-,G-Gn-,Gn-,C112H182N8O81,2935.04,3,1,0,CHO-N-glycan,1,4,3,3
142,143,A4Sg1S1G2,Sg-G-Gn-,S-G-Gn-,G-Gn-,G-Gn-,C112H182N8O82,2951.03,3,0,0,CHO-N-glycan,1,4,4,4
143,144,A4Sg1S1G2F,Sg-G-Gn-,S-G-Gn-,G-Gn-,G-Gn-,C118H192N8O86,3097.09,3,1,0,CHO-N-glycan,1,4,4,4
144,145,A3Sg1S2,Sg-G-Gn-,S-G-Gn-,S-G-Gn-,None,C109H176N8O80,2877,3,0,0,CHO-N-glycan,2,3,3,3
145,146,A3Sg1S2F,Sg-G-Gn-,S-G-Gn-,S-G-Gn-,None,C115H186N8O84,3023.05,3,1,0,CHO-N-glycan,2,3,3,3
146,147,A4Sg1S2G0,Sg-G-Gn-,S-G-Gn-,S-G-Gn-,Gn-,C117H189N9O85,3080.07,3,0,0,CHO-N-glycan,2,4,3,3
147,148,A4Sg1S2G0F,Sg-G-Gn-,S-G-Gn-,S-G-Gn-,Gn-,C123H199N9O89,3226.13,3,1,0,CHO-N-glycan,2,4,3,3
148,149,A4Sg1S2G1,Sg-G-Gn-,S-G-Gn-,S-G-Gn-,G-Gn-,C123H199N9O90,3242.13,3,0,0,CHO-N-glycan,2,4,4,4
149,150,A4Sg1S2G1F,Sg-G-Gn-,S-G-Gn-,S-G-Gn-,G-Gn-,C129H209N9O94,3388.19,3,1,0,CHO-N-glycan,2,4,4,4
150,151,A4Sg1S3,Sg-G-Gn-,S-G-Gn-,S-G-Gn-,S-G-Gn-,C134H216N10O98,3533.22,3,0,0,CHO-N-glycan,3,4,4,4
151,152,A4Sg1S3F,Sg-G-Gn-,S-G-Gn-,S-G-Gn-,S-G-Gn-,C140H226N10O102,3679.28,3,1,0,CHO-N-glycan,3,4,4,4
152,153,A3Sg2G0,Sg-G-Gn-,Sg-G-Gn-,Gn-,None,C92H149N7O68,2439.84,3,0,0,CHO-N-glycan,0,3,2,2
153,154,A3Sg2G0F,Sg-G-Gn-,Sg-G-Gn-,Gn-,None,C98H159N7O72,2585.9,3,1,0,CHO-N-glycan,0,3,2,2
154,155,A4Sg2G0,Sg-G-Gn-,Sg-G-Gn-,Gn-,Gn-,C100H162N8O73,2642.92,3,0,0,CHO-N-glycan,0,4,2,2
155,156,A4Sg2G0F,Sg-G-Gn-,Sg-G-Gn-,Gn-,Gn-,C106H172N8O77,2788.98,3,1,0,CHO-N-glycan,0,4,2,2
156,157,A3Sg2G1,Sg-G-Gn-,Sg-G-Gn-,G-Gn-,None,C98H159N7O73,2601.89,3,0,0,CHO-N-glycan,0,3,3,3
157,158,A3Sg2G1F,Sg-G-Gn-,Sg-G-Gn-,G-Gn-,None,C104H169N7O77,2747.95,3,1,0,CHO-N-glycan,0,3,3,3
158,159,A4Sg2G1,Sg-G-Gn-,Sg-G-Gn-,G-Gn-,Gn-,C106H172N8O78,2804.97,3,0,0,CHO-N-glycan,0,4,3,3
159,160,A4Sg2G1F,Sg-G-Gn-,Sg-G-Gn-,G-Gn-,Gn-,C112H182N8O82,2951.03,3,1,0,CHO-N-glycan,0,4,3,3
160,161,A4Sg2G2,Sg-G-Gn-,Sg-G-Gn-,G-Gn-,G-Gn-,C112H182N8O83,2967.03,3,0,0,CHO-N-glycan,0,4,4,4
161,162,A4Sg2G2F,Sg-G-Gn-,Sg-G-Gn-,G-Gn-,G-Gn-,C118H192N8O87,3113.08,3,1,0,CHO-N-glycan,0,4,4,4
162,163,A3Sg2S1,Sg-G-Gn-,Sg-G-Gn-,S-G-Gn-,None,C109H176N8O81,2892.99,3,0,0,CHO-N-glycan,1,3,3,3
163,164,A3Sg2S1F,Sg-G-Gn-,Sg-G-Gn-,S-G-Gn-,None,C115H186N8O85,3039.05,3,1,0,CHO-N-glycan,1,3,3,3
164,165,A4Sg2S1G0,Sg-G-Gn-,Sg-G-Gn-,S-G-Gn-,Gn-,C117H189N9O86,3096.07,3,0,0,CHO-N-glycan,1,4,3,3
165,166,A4Sg2S1G0F,Sg-G-Gn-,Sg-G-Gn-,S-G-Gn-,Gn-,C123H199N9O90,3242.13,3,1,0,CHO-N-glycan,1,4,3,3
166,167,A4Sg2S1G1,Sg-G-Gn-,Sg-G-Gn-,S-G-Gn-,G-Gn-,C123H199N9O91,3258.12,3,0,0,CHO-N-glycan,1,4,4,4
167,168,A4Sg2S1G1F,Sg-G-Gn-,Sg-G-Gn-,S-G-Gn-,G-Gn-,C129H209N9O95,3404.18,3,1,0,CHO-N-glycan,1,4,4,4
168,169,A4Sg2S2,Sg-G-Gn-,Sg-G-Gn-,S-G-Gn-,S-G-Gn-,C134H216N10O99,3549.22,3,0,0,CHO-N-glycan,2,4,4,4
169,170,A4Sg2S2F,Sg-G-Gn-,Sg-G-Gn-,S-G-Gn-,S-G-Gn-,C140H226N10O103,3695.28,3,1,0,CHO-N-glycan,2,4,4,4
170,171,A3Sg3,Sg-G-Gn-,Sg-G-Gn-,Sg-G-Gn-,None,C109H176N8O82,2908.98,3,0,0,CHO-N-glycan,0,3,3,3
171,172,A3Sg3F,Sg-G-Gn-,Sg-G-Gn-,Sg-G-Gn-,None,C115H186N8O86,3055.04,3,1,0,CHO-N-glycan,0,3,3,3
172,173,A4Sg3G0,Sg-G-Gn-,Sg-G-Gn-,Sg-G-Gn-,Gn-,C117H189N9O87,3112.06,3,0,0,CHO-N-glycan,0,4,3,3
173,174,A4Sg3G0F,Sg-G-Gn-,Sg-G-Gn-,Sg-G-Gn-,Gn-,C123H199N9O91,3258.12,3,1,0,CHO-N-glycan,0,4,3,3
174,175,A4Sg3G1,Sg-G-Gn-,Sg-G-Gn-,Sg-G-Gn-,G-Gn-,C123H199N9O92,3274.12,3,0,0,CHO-N-glycan,0,4,4,4
175,176,A4Sg3G1F,Sg-G-Gn-,Sg-G-Gn-,Sg-G-Gn-,G-Gn-,C129H209N9O96,3420.18,3,1,0,CHO-N-glycan,0,4,4,4
176,177,A4Sg3S1,Sg-G-Gn-,Sg-G-Gn-,Sg-G-Gn-,S-G-Gn-,C134H216N10O100,3565.21,3,0,0,CHO-N-glycan,1,4,4,4
177,178,A4Sg3S1F,Sg-G-Gn-,Sg-G-Gn-,Sg-G-Gn-,S-G-Gn-,C140H226N10O104,3711.27,3,1,0,CHO-N-glycan,1,4,4,4
178,179,A4Sg4,Sg-G-Gn-,Sg-G-Gn-,Sg-G-Gn-,Sg-G-Gn-,C134H216N10O101,3581.21,3,0,0,CHO-N-glycan,0,4,4,4
179,180,A4Sg4F,Sg-G-Gn-,Sg-G-Gn-,Sg-G-Gn-,Sg-G-Gn-,C140H226N10O105,3727.27,3,1,0,CHO-N-glycan,0,4,4,4
180,181,Gn,None,None,None,None,C8H13N1O5,203.079,0,0,0,CHO-N-glycan,0,0,0,-3
181,182,GnF,None,None,None,None,C14H23N1O9,349.137,0,1,0,CHO-N-glycan,0,0,0,-3
182,183,Free,None,None,None,None,None,0,0,0,0,Free,0,0,0,-3
183,11,A2G0B,Gn-,None,Gn-,None,C58H95N5O40,1501.56,3,0,1,Human-N-glycan,0,2,0,0
184,13,A2G0FB,Gn-,None,Gn-,None,C64H105N5O44,1647.61,3,1,1,Human-N-glycan,0,2,0,0
185,17,A2G1B,G-Gn-,None,Gn-,None,C64H105N5O45,1663.61,3,0,1,Human-N-glycan,0,2,1,1
186,19,A2G1FB,G-Gn-,None,Gn-,None,C70H115N5O49,1809.67,3,1,1,Human-N-glycan,0,2,1,1
187,21,A2G2B,G-Gn-,None,G-Gn-,None,C70H115N5O50,1825.66,3,0,1,Human-N-glycan,0,2,2,2
188,23,A2G2FB,G-Gn-,None,G-Gn-,None,C76H125N5O54,1971.72,3,1,1,Human-N-glycan,0,2,2,2
189,27,A2S1G0B,S-G-Gn-,None,Gn-,None,C75H122N6O53,1954.7,3,0,1,Human-N-glycan,1,2,1,1
190,29,A2S1G0FB,S-G-Gn-,None,Gn-,None,C81H132N6O57,2100.76,3,1,1,Human-N-glycan,1,2,1,1
191,31,A2S1G1B,S-G-Gn-,None,G-Gn-,None,C81H132N6O58,2116.76,3,0,1,Human-N-glycan,1,2,2,2
192,33,A2S1G1FB,S-G-Gn-,None,G-Gn-,None,C87H142N6O62,2262.81,3,1,1,Human-N-glycan,1,2,2,2
193,35,A2S2B,S-G-Gn-,None,S-G-Gn-,None,C92H149N7O66,2407.85,3,0,1,Human-N-glycan,2,2,2,2
194,37,A2S2FB,S-G-Gn-,None,S-G-Gn-,None,C98H159N7O70,2553.91,3,1,1,Human-N-glycan,2,2,2,2
195,1,GalNAc,None,None,None,None,None,203.079,0,0,0,O-glycan,0,1,0,0
196,2,GalNAc-3G,None,None,None,None,None,365.132,0,0,0,O-glycan,0,1,1,1
197,3,GalNAc-3GnG,None,None,None,None,None,568.212,0,0,0,O-glycan,0,2,1,1
198,4,GalNAc-3SG,None,None,None,None,None,656.228,0,0,0,O-glycan,1,1,1,1
199,5,GalNAc-6GGn,None,None,None,None,None,568.212,0,0,0,O-glycan,0,2,1,1
200,6,GalNAc-6GGn-3G,None,None,None,None,None,730.264,0,0,0,O-glycan,0,2,2,2
201,7,GalNAc-6GGn-3GnG,None,None,None,None,None,933.344,0,0,0,O-glycan,0,3,2,2
202,8,GalNAc-6GGn-3SG,None,None,None,None,None,1021.36,0,0,0,O-glycan,1,2,2,2
203,9,GalNAc-6Gn,None,None,None,None,None,406.159,0,0,0,O-glycan,0,2,0,0
204,10,GalNAc-6Gn-3G,None,None,None,None,None,568.212,0,0,0,O-glycan,0,2,1,1
205,11,GalNAc-6Gn-3GnG,None,None,None,None,None,771.291,0,0,0,O-glycan,0,3,1,1
206,12,GalNAc-6Gn-3SG,None,None,None,None,None,859.307,0,0,0,O-glycan,1,2,1,1
207,13,GalNAc-6S,None,None,None,None,None,494.175,0,0,0,O-glycan,1,1,0,0
208,14,GalNAc-6S-3G,None,None,None,None,None,656.228,0,0,0,O-glycan,1,1,1,1
209,15,GalNAc-6S-3GnG,None,None,None,None,None,859.307,0,0,0,O-glycan,1,2,1,1
210,16,GalNAc-6S-3SG,None,None,None,None,None,947.323,0,0,0,O-glycan,2,1,1,1
